table1,0,0,img,0016.bmp,bitmap-2
table1,0,1,img,0017.bmp,bitmap-2
table1,0,2,img,0001.bmp,bitmap-2
table1,0,3,img,0004.bmp,bitmap-2
table1,0,4,img,0009.bmp,bitmap-2
table1,0,5,img,0005.bmp,bitmap-2
table1,0,6,img,0001.bmp,bitmap-2
table1,0,7,img,0014.bmp,bitmap-2
table1,0,8,img,0015.bmp,bitmap-2
table1,1,3,img,0010.bmp,bitmap-2
table1,1,5,img,0012.bmp,bitmap-2
table1,2,3,img,0011.bmp,bitmap-2
table1,2,4,img,0009.bmp,bitmap-2
table1,2,5,img,0013.bmp,bitmap-2



table1,3,3,img,0019.bmp,bitmap-2
table1,3,4,img,0009.bmp,bitmap-2
table1,3,5,img,0001.bmp,bitmap-2
table1,3,6,img,0008.bmp,bitmap-2
table1,3,7,img,0001.bmp,bitmap-2
table1,3,8,img,0009.bmp,bitmap-2
table1,3,9,img,0020.bmp,bitmap-2



table1,4,3,img,0010.bmp,bitmap-2
table1,4,9,img,0012.bmp,bitmap-2

table1,5,0,img,0016.bmp,bitmap-2
table1,5,1,img,0017.bmp,bitmap-2
table1,5,2,img,0001.bmp,bitmap-2
table1,5,3,img,0018.bmp,bitmap-2
table1,5,4,img,0009.bmp,bitmap-2
table1,5,5,img,0001.bmp,bitmap-2
table1,5,6,img,0008.bmp,bitmap-2
table1,5,7,img,0001.bmp,bitmap-2
table1,5,8,img,0001.bmp,bitmap-2
table1,5,9,img,0021.bmp,bitmap-2
table1,5,10,img,0008.bmp,bitmap-2
table1,5,10,img,0001.bmp,bitmap-2
table1,5,11,img,0001.bmp,bitmap-2
table1,5,12,img,0008.bmp,bitmap-2
table1,5,13,img,0001.bmp,bitmap-2
table1,5,14,img,0020.bmp,bitmap-2
table1,5,15,img,0001.bmp,bitmap-2
table1,5,16,img,0001.bmp,bitmap-2
table1,5,17,img,0020.bmp,bitmap-2
table1,5,18,img,0001.bmp,bitmap-2
table1,5,19,img,0001.bmp,bitmap-2
table1,5,20,img,0020.bmp,bitmap-2


table1,6,12,img,0039.bmp,bitmap-2,A1A2
table1,6,14,img,0012.bmp,bitmap-2
table1,6,15,img,0030.bmp,bitmap-2,POPPR
table1,6,16,img,0030.bmp,bitmap-2
table1,6,17,img,0036.bmp,bitmap-2
table1,6,20,img,0012.bmp,bitmap-2


table1,7,20,img,0012.bmp,bitmap-2


table1,8,0,img,0038.bmp,bitmap-2
table1,8,1,img,0001.bmp,bitmap-2
table1,8,2,img,0001.bmp,bitmap-2
table1,8,3,img,0001.bmp,bitmap-2
table1,8,4,img,0001.bmp,bitmap-2
table1,8,5,img,0001.bmp,bitmap-2
table1,8,6,img,0001.bmp,bitmap-2
table1,8,7,img,0001.bmp,bitmap-2
table1,8,8,img,0001.bmp,bitmap-2
table1,8,9,img,0001.bmp,bitmap-2
table1,8,10,img,0001.bmp,bitmap-2
table1,8,11,img,0001.bmp,bitmap-2
table1,8,12,img,0001.bmp,bitmap-2
table1,8,13,img,0001.bmp,bitmap-2
table1,8,14,img,0001.bmp,bitmap-2
table1,8,15,img,0001.bmp,bitmap-2
table1,8,16,img,0001.bmp,bitmap-2
table1,8,17,img,0001.bmp,bitmap-2
table1,8,18,img,0001.bmp,bitmap-2
table1,8,19,img,0001.bmp,bitmap-2
table1,8,20,img,0013.bmp,bitmap-2


